"IE Type","Name","Title","Carrier Code","Active","Price","Store Labels","Store Ids","Replaceable Title","Code","Max Price Threshold","Min Price Threshold","Cost","Disabled Without Valid Rates","Multiple Rates Price","Allow Free Shipping","Estimated Delivery Time Min","Estimated Delivery Time Max","Replaceable Estimated Delivery Time","Estimated Delivery Time Display Type","Show Estimated Delivery Time","Estimated Delivery Time Message","Edt Store Specific Messages","Rate Code","Priority","Rate Method Price","Country Id","Region","Region Id","Zip From","Zip To","Price From","Price To","Qty From","Qty To","Weight From","Weight To","Price Per Product","Price Per Item","Price Percent Per Product","Price Percent Per Item","Item Price Percent","Price Per Weight","Method Code"
"carrier","Local Carrier","Local Carrier","localcarrier","1","0.00","[]","[0]","","","","","","","","","","","","","","","","","","","","","","","","","","","","","","","","","","","",""
"method","","Local Delivery","localcarrier","1","9.9900","[]","[0]","1","localdelivery","0.0000","0.0000","0.0000","1","0","1","1","2","1","0","1","Estimated delivery period is from {{min_days}} to {{max_days}}","[]","","","","","","","","","","","","","","","","","","","","",""
"rate","","Heavy items","","1","4.99","[]","[0]","","","","","","","","","1","2","","","","","","heavyitems","0","0","US","MN","34","","","0","0","0","0","1","0","0","0","0","0","0","10","localdelivery"
"rate","","Standard rate","","1","4.99","[]","[0]","","","","","","","","","1","2","","","","","","standardrate","1","0","US","MN","34","","","0","0","0","0","0","1","0","0","0","0","0","0","localdelivery"
